bldg_id,label,confidence,note,labeler,repeat,labeled_at,imagery
RWA-e3be70a845c73fba,residential,medium,,owner,False,2026-10-09T13:17:11+00:00,no
RWA-50f103e3c193bc6b,mixed_shop_house,medium,,owner,False,2026-10-09T13:21:29+00:00,no
RWA-39ca4e1959c16753,residential,medium,,owner,False,2026-10-09T13:23:11+00:00,no
RWA-eb83d70f145f3105,residential,medium,,owner,False,2026-10-09T13:23:28+00:00,no
RWA-36e37bfd98be6cfe,commercial,medium,,owner,False,2026-10-09T13:24:04+00:00,no
RWA-1f6a2388b6f68e0b,commercial,medium,,owner,False,2026-10-09T13:28:16+00:00,no
RWA-d03479abe48941a3,residential,medium,,owner,False,2026-10-09T15:03:19+00:00,yes
RWA-a861c7e6490a2f5c,productive_use,medium,,owner,False,2026-10-09T15:04:03+00:00,yes
RWA-e35986ab69a825c0,productive_use,medium,,owner,False,2026-10-09T15:04:27+00:00,yes
RWA-9476581f79c10be6,ancillary,medium,,owner,False,2026-10-09T15:04:53+00:00,yes
RWA-c6cfbe8cf5201f33,commercial,medium,,owner,False,2026-10-09T15:05:09+00:00,yes
RWA-79d69aa293ce2aca,productive_use,medium,,owner,False,2026-10-09T15:05:36+00:00,yes
RWA-3bb9f9024d23530f,ancillary,medium,,owner,False,2026-10-09T15:05:48+00:00,yes
RWA-8d5803d9fcbe0394,industrial_warehouse,medium,,owner,False,2026-10-09T15:06:17+00:00,yes
RWA-edca1ae49f701e2a,commercial,medium,,owner,False,2026-10-09T15:06:36+00:00,yes
RWA-5d760a2588e84f7a,commercial,medium,,owner,False,2026-10-09T15:07:03+00:00,yes
RWA-354087461fd2fd0c,industrial_warehouse,medium,,owner,False,2026-10-09T15:07:24+00:00,yes
RWA-37f452483126119d,ancillary,medium,,owner,False,2026-10-09T15:07:35+00:00,yes
RWA-ebac76e3046d96d9,mixed_shop_house,medium,,owner,False,2026-10-09T15:08:10+00:00,yes
RWA-23c39a26e5bb6c23,industrial_warehouse,medium,,owner,False,2026-10-09T15:08:39+00:00,yes
RWA-58786805cbbbb7b3,productive_use,medium,,owner,False,2026-10-09T15:08:56+00:00,yes
RWA-079d96ec7d6e4d43,institutional,medium,,owner,False,2026-10-09T15:09:18+00:00,yes
RWA-7cb045bd79169109,ancillary,medium,,owner,False,2026-10-09T15:09:39+00:00,yes
RWA-c0e157502268a4bb,residential,medium,,owner,False,2026-10-09T15:09:52+00:00,yes
RWA-d0949d90aa8e59d8,commercial,medium,,owner,False,2026-10-09T15:10:10+00:00,yes
RWA-3ce905a2141cee9d,productive_use,medium,,owner,False,2026-10-09T15:10:59+00:00,yes
RWA-d782f316472f81e9,mixed_shop_house,medium,,owner,False,2026-10-09T15:11:20+00:00,yes
RWA-384aaca3657fb6fb,productive_use,medium,,owner,False,2026-10-09T15:11:41+00:00,yes
RWA-083534cf4292614c,institutional,medium,,owner,False,2026-10-09T15:11:56+00:00,yes
RWA-aced3a0bd43064d6,institutional,medium,,owner,False,2026-10-09T15:12:10+00:00,yes
RWA-ea073f503c18d2f8,commercial,medium,,owner,False,2026-10-09T15:12:36+00:00,yes
RWA-b5fa77072d176c49,residential,medium,,owner,False,2026-10-09T15:13:38+00:00,yes
RWA-637c12f18e7f9bc0,ancillary,medium,,owner,False,2026-10-09T15:14:22+00:00,yes
RWA-d9b57c05a8b734b4,productive_use,medium,,owner,False,2026-10-09T15:15:00+00:00,no
RWA-a8e078f1d52e56b1,unknown,medium,,owner,False,2026-10-09T15:15:26+00:00,no
RWA-4557126f434ac076,commercial,medium,,owner,False,2026-10-09T15:15:44+00:00,yes
RWA-693157901a2b2093,residential,medium,,owner,False,2026-10-09T15:16:07+00:00,yes
RWA-9fdaeddb540b71bc,residential,medium,,owner,False,2026-10-09T15:16:26+00:00,yes
RWA-50f7a010fe3d48b8,institutional,medium,,owner,False,2026-10-09T15:16:37+00:00,yes
RWA-30427d43054bf423,institutional,medium,,owner,False,2026-10-09T15:16:52+00:00,yes
RWA-a71cfe58821bf781,ancillary,medium,,owner,False,2026-10-09T15:17:13+00:00,yes
RWA-3def1e76a0633a53,residential,medium,,owner,False,2026-10-09T15:17:41+00:00,yes
RWA-d05f3bbb31f218d4,industrial_warehouse,medium,,owner,False,2026-10-09T15:17:56+00:00,yes
RWA-2d07e8b430c7fe37,mixed_shop_house,medium,,owner,False,2026-10-09T15:18:14+00:00,yes
RWA-cd6e3633f08ffd50,commercial,medium,,owner,False,2026-10-09T15:18:32+00:00,yes
RWA-5833243548a7aaab,productive_use,medium,,owner,False,2026-10-09T15:18:47+00:00,yes
RWA-3c822a1c0ac985d1,ancillary,medium,,owner,False,2026-10-09T15:19:10+00:00,yes
RWA-8876867641d9d38d,residential,medium,,owner,False,2026-10-09T15:19:35+00:00,yes
RWA-5edf7437970b2286,commercial,medium,,owner,False,2026-10-09T15:19:54+00:00,yes
RWA-cc787fdbea22e940,residential,medium,,owner,False,2026-10-09T15:20:11+00:00,yes
RWA-85b93d1e85c6c844,institutional,medium,,owner,False,2026-10-09T15:20:47+00:00,yes
RWA-c562b956e60027d4,productive_use,medium,,owner,False,2026-10-09T15:21:08+00:00,yes
RWA-526ada333121cace,residential,medium,,owner,False,2026-10-09T15:21:29+00:00,yes
RWA-130019bb97043ce3,mixed_shop_house,medium,,owner,False,2026-10-09T15:21:42+00:00,yes
RWA-58c024465dbab1a3,residential,medium,,owner,False,2026-10-09T15:21:57+00:00,yes
RWA-ab21b2acf896a089,religious,medium,,owner,False,2026-10-09T15:22:11+00:00,yes
RWA-6f211ecb27147307,productive_use,medium,,owner,False,2026-10-09T15:22:29+00:00,yes
RWA-b7714e2881831361,productive_use,medium,,owner,False,2026-10-09T15:23:52+00:00,yes
RWA-497f0485e2980f5e,productive_use,medium,,owner,False,2026-10-09T15:25:07+00:00,yes
RWA-91bdd1683e70e7e7,residential,medium,,owner,False,2026-10-09T15:26:10+00:00,yes
RWA-634fb91d32b49787,industrial_warehouse,medium,,owner,False,2026-10-09T15:27:12+00:00,yes
RWA-a2c9b55777cfdac4,productive_use,medium,,owner,False,2026-10-09T15:28:16+00:00,yes
RWA-2f8f291cc0b2d3b8,residential,medium,,owner,False,2026-10-09T15:28:34+00:00,yes
RWA-1c49993157a1f8f6,residential,medium,,owner,False,2026-10-09T15:29:44+00:00,yes
RWA-0ffbc1ec285908f6,institutional,medium,,owner,False,2026-10-09T15:29:55+00:00,yes
RWA-17865411b53f7382,unknown,medium,,owner,False,2026-10-09T15:30:11+00:00,yes
RWA-e7ff420aea356a4c,commercial,medium,,owner,False,2026-10-09T15:30:24+00:00,yes
RWA-2a12be5d6335b274,ancillary,medium,,owner,False,2026-10-09T15:31:01+00:00,yes
RWA-68dce5d305344df5,ancillary,medium,,owner,False,2026-10-09T15:31:19+00:00,yes
RWA-9e27fb215ed91788,residential,medium,,owner,False,2026-10-09T15:32:05+00:00,yes
RWA-fc9e729e215a2d43,institutional,medium,,owner,False,2026-10-09T15:32:40+00:00,yes
RWA-ea515289fa9decbf,residential,medium,,owner,False,2026-10-09T15:33:19+00:00,yes
RWA-0a54a1ca32ecb9ca,industrial_warehouse,medium,,owner,False,2026-10-09T15:33:49+00:00,yes
RWA-e43c19b042a8af7b,residential,medium,,owner,False,2026-10-09T15:34:45+00:00,yes
RWA-8ac3b0c1da7e9515,commercial,medium,,owner,False,2026-10-09T15:34:59+00:00,yes
RWA-66805e824b9cf2e2,residential,medium,,owner,False,2026-10-09T15:35:27+00:00,yes
RWA-a671ada266197cf3,institutional,medium,,owner,False,2026-10-09T15:35:45+00:00,yes
RWA-4db7c4745d665594,productive_use,medium,,owner,False,2026-10-09T15:36:14+00:00,yes
RWA-b3232a54f2f537c1,ancillary,medium,,owner,False,2026-10-09T15:36:35+00:00,yes
RWA-23f007877aa21ddf,residential,medium,,owner,False,2026-10-09T15:37:01+00:00,yes
RWA-36bf7f76c2285ec5,residential,medium,,owner,False,2026-10-09T15:37:31+00:00,yes
RWA-97e9ee5a1b925844,commercial,medium,,owner,False,2026-10-09T15:37:40+00:00,yes
RWA-9a265e2cd134fa12,residential,medium,,owner,False,2026-10-09T15:37:55+00:00,yes
RWA-e7dddb42921f10e9,mixed_shop_house,medium,,owner,False,2026-10-09T15:38:08+00:00,yes
RWA-043758e9bfda4d10,industrial_warehouse,medium,,owner,False,2026-10-09T15:38:20+00:00,yes
RWA-7320e0ac00090f7c,residential,medium,,owner,False,2026-10-09T15:38:53+00:00,yes
RWA-a7939547abc9ff2c,institutional,medium,,owner,False,2026-10-09T15:39:06+00:00,yes
RWA-ebb3b6924257099a,residential,medium,,owner,False,2026-10-09T15:39:26+00:00,yes
RWA-0be2b8175021a2ca,residential,medium,,owner,False,2026-10-09T15:39:41+00:00,yes
RWA-58f8bb2751667d7e,residential,medium,,owner,False,2026-10-09T15:40:02+00:00,yes
RWA-a9de4b244b47b6e2,productive_use,medium,,owner,False,2026-10-09T15:40:14+00:00,yes
RWA-267776032ec2a307,institutional,medium,,owner,False,2026-10-09T15:40:34+00:00,yes
RWA-65217e630b73b6b9,industrial_warehouse,medium,,owner,False,2026-10-09T15:40:55+00:00,yes
RWA-9d52edcaf502ec02,residential,medium,,owner,False,2026-10-09T15:41:11+00:00,yes
RWA-f4daf8ef8a3d8ea2,commercial,medium,,owner,False,2026-10-09T15:41:17+00:00,no
RWA-929fb33c41861f3d,mixed_shop_house,medium,,owner,False,2026-10-09T15:41:31+00:00,yes
RWA-a52eb0025c3844c6,residential,medium,,owner,False,2026-10-09T15:41:49+00:00,yes
RWA-0646c6c1c14cf1ab,institutional,medium,,owner,False,2026-10-09T15:42:01+00:00,no
RWA-df48aae5d1319665,residential,medium,,owner,False,2026-10-09T15:42:24+00:00,yes
RWA-a064085702e86a16,unknown,medium,,owner,False,2026-10-09T15:42:51+00:00,yes
RWA-47d48ba748e6de2e,residential,medium,,owner,False,2026-10-09T15:43:08+00:00,yes
RWA-ef2d7551784b26f7,residential,medium,,owner,False,2026-10-09T15:43:22+00:00,yes
RWA-2ebe67a34f0f7889,residential,medium,,owner,False,2026-10-09T15:43:34+00:00,yes
RWA-1f56138fd5a0ebc3,residential,medium,,owner,False,2026-10-09T15:43:54+00:00,yes
RWA-fe732754b2f46a69,productive_use,medium,,owner,False,2026-10-09T15:44:48+00:00,yes
RWA-47df01d4e0d88409,institutional,medium,,owner,False,2026-10-09T15:45:46+00:00,yes
RWA-53304b61015134c1,residential,medium,,owner,False,2026-10-09T15:46:10+00:00,yes
RWA-c201850304fc7f8a,residential,medium,,owner,False,2026-10-09T15:46:23+00:00,yes
RWA-a75ca71d24f58138,residential,medium,,owner,False,2026-10-09T15:46:43+00:00,yes
RWA-a9f640939e39fe5f,productive_use,medium,,owner,False,2026-10-09T15:46:59+00:00,yes
RWA-16b82bd3a34970aa,residential,medium,,owner,False,2026-10-09T15:47:13+00:00,yes
RWA-3994bf2f034b6326,residential,medium,,owner,False,2026-10-09T15:47:48+00:00,yes
RWA-49a81392bec25cb6,institutional,medium,,owner,False,2026-10-09T15:48:01+00:00,yes
RWA-7bf3b8177da17c33,residential,medium,,owner,False,2026-10-09T15:48:21+00:00,yes
RWA-8963ecbb1ea6ccfe,institutional,medium,,owner,False,2026-10-09T15:48:34+00:00,no
RWA-6eb7e3a34dc412c5,residential,medium,,owner,False,2026-10-09T15:49:12+00:00,yes
RWA-7c083597ee761762,residential,medium,,owner,False,2026-10-09T15:49:20+00:00,yes
RWA-59f51d8a07dab2f4,residential,medium,,owner,False,2026-10-09T15:49:36+00:00,yes
RWA-82311dfa57ac891d,institutional,medium,,owner,False,2026-10-09T15:49:54+00:00,yes
RWA-04f67db104c5317b,residential,medium,,owner,False,2026-10-09T15:50:16+00:00,yes
RWA-5f1fc96b68a74668,residential,medium,,owner,False,2026-10-09T15:50:35+00:00,yes
RWA-cc43fb882dac7fb3,residential,medium,,owner,False,2026-10-09T15:50:49+00:00,yes
RWA-498ab8dd76bbd202,residential,medium,,owner,False,2026-10-09T15:51:16+00:00,yes
RWA-498ab8dd76bbd202,ancillary,medium,,owner,False,2026-10-09T15:51:24+00:00,yes
RWA-0d39cc0562c34549,residential,medium,,owner,False,2026-10-09T15:51:44+00:00,yes
RWA-d838482e36491275,productive_use,medium,,owner,False,2026-10-09T15:51:55+00:00,yes
RWA-f89f81cd9e26f683,institutional,medium,,owner,False,2026-10-09T15:52:16+00:00,yes
RWA-346caf87e977e718,mixed_shop_house,medium,,owner,False,2026-10-09T15:52:43+00:00,yes
RWA-e0d3eedeae31eb33,productive_use,medium,,owner,False,2026-10-09T15:52:59+00:00,yes
RWA-e4b6f9b48116c4f3,commercial,medium,,owner,False,2026-10-09T15:53:17+00:00,yes
RWA-c3f40c30be269819,religious,medium,,owner,False,2026-10-09T15:53:32+00:00,yes
RWA-cff05c04812fc7e7,residential,medium,,owner,False,2026-10-09T15:53:50+00:00,yes
RWA-69d4554b34210e14,residential,medium,,owner,False,2026-10-09T15:54:09+00:00,yes
RWA-ebb722499a0cdf93,mixed_shop_house,medium,,owner,False,2026-10-09T15:54:27+00:00,yes
RWA-d955a34b716aa7d4,residential,medium,,owner,False,2026-10-09T15:54:42+00:00,yes
RWA-4e9da54db3d33105,residential,medium,,owner,False,2026-10-09T15:54:57+00:00,yes
RWA-5f986713a5e50662,residential,medium,,owner,False,2026-10-09T15:55:26+00:00,yes
RWA-f9468802692a594b,ancillary,medium,,owner,False,2026-10-09T15:55:38+00:00,no
RWA-bcba167ee5e7d7fc,residential,medium,,owner,False,2026-10-09T15:55:55+00:00,no
RWA-60b942d7f88035a5,residential,medium,,owner,False,2026-10-09T15:56:02+00:00,no
RWA-96dab304d7c2bc15,productive_use,medium,,owner,False,2026-10-09T15:56:45+00:00,yes
RWA-326476eb740cd315,commercial,medium,,owner,False,2026-10-09T15:56:52+00:00,no
RWA-3ac1ed679e85ce73,residential,medium,,owner,False,2026-10-09T15:57:08+00:00,yes
RWA-1bca49ddcf53f93a,residential,medium,,owner,False,2026-10-09T15:57:22+00:00,yes
RWA-de9148fbef44289a,residential,medium,,owner,False,2026-10-09T15:57:33+00:00,no
RWA-8fd49cb970a42f09,residential,medium,,owner,False,2026-10-09T15:57:53+00:00,yes
RWA-12ef8e16a5e61eef,institutional,medium,,owner,False,2026-10-09T15:57:57+00:00,no
RWA-5f267178163e2230,commercial,medium,,owner,False,2026-10-09T15:58:08+00:00,yes
RWA-9297c3525862fbc1,residential,medium,,owner,False,2026-10-09T15:58:21+00:00,yes
RWA-2853cc47c2eaf7ea,residential,medium,,owner,False,2026-10-09T15:58:37+00:00,yes
RWA-d2a82ed12be22571,institutional,medium,,owner,False,2026-10-09T15:58:41+00:00,no
RWA-bfed6c73b34f8998,mixed_shop_house,medium,,owner,False,2026-10-09T15:58:54+00:00,yes
RWA-e813b9a9c21bd011,residential,medium,,owner,False,2026-10-09T15:59:06+00:00,yes
RWA-f7be86ecf102993d,mixed_shop_house,medium,,owner,False,2026-10-09T15:59:16+00:00,yes
RWA-bf0146148db65fda,commercial,medium,,owner,False,2026-10-09T15:59:30+00:00,no
RWA-5e47b63490d56ed7,productive_use,medium,,owner,False,2026-10-09T15:59:43+00:00,yes
RWA-367e71ba03c41113,commercial,medium,,owner,False,2026-10-09T15:59:51+00:00,no
RWA-28477eef1ba6c32b,mixed_shop_house,medium,,owner,False,2026-10-09T16:00:03+00:00,yes
RWA-1de3ca596ef0f30d,residential,medium,,owner,False,2026-10-09T16:00:13+00:00,no
RWA-a6411a65891a1885,productive_use,medium,,owner,False,2026-10-09T16:00:29+00:00,yes
RWA-967c0f01305686eb,institutional,medium,,owner,False,2026-10-09T16:44:46+00:00,no
RWA-8ce25e1e415ba358,residential,medium,,owner,False,2026-10-09T16:44:54+00:00,no
RWA-b1df99cee0f71ff2,commercial,medium,,owner,False,2026-10-09T16:44:59+00:00,no
RWA-ebf9c8cce019edae,residential,medium,,owner,False,2026-10-09T16:45:17+00:00,no
RWA-bab6ecb74aa281b5,unknown,medium,,owner,False,2026-10-09T16:45:29+00:00,no
RWA-3ffdd52fbfbfb293,residential,medium,,owner,False,2026-10-09T16:45:47+00:00,no
RWA-5d949599cc6dd7f0,mixed_shop_house,medium,,owner,False,2026-10-09T16:45:58+00:00,no
RWA-3329ae1dc9bba59b,industrial_warehouse,medium,,owner,False,2026-10-09T16:46:22+00:00,yes
RWA-bdbe0ccaff5d69a4,commercial,medium,,owner,False,2026-10-09T16:46:32+00:00,no
RWA-c82076fa98129a1b,institutional,medium,,owner,False,2026-10-09T16:46:56+00:00,yes
RWA-1e62207b7759d672,residential,medium,,owner,False,2026-10-09T16:47:05+00:00,no
RWA-b3445c8e71809498,institutional,medium,,owner,False,2026-10-09T16:47:15+00:00,no
RWA-1802f6f5337ffe6e,mixed_shop_house,medium,,owner,False,2026-10-09T16:47:21+00:00,no
RWA-289507ac8e233541,residential,medium,,owner,False,2026-10-09T16:56:07+00:00,no
